{"initial_reset_timestamp": 1638502687.9982433, "timestamps": [1638502688.1422849], "episode_lengths": [200], "episode_rewards": [-1840.6257447187966], "episode_types": ["t"]}