{"initial_reset_timestamp": 1639591558.2680554, "timestamps": [1639591558.4146748], "episode_lengths": [200], "episode_rewards": [-229.41750439074838], "episode_types": ["t"]}