{"initial_reset_timestamp": 1638729607.933428, "timestamps": [1638729608.1178713], "episode_lengths": [200], "episode_rewards": [-1612.0083061354917], "episode_types": ["t"]}