{"initial_reset_timestamp": 1639425095.949918, "timestamps": [1639425096.1032321], "episode_lengths": [200], "episode_rewards": [-1560.040800942574], "episode_types": ["t"]}