{"initial_reset_timestamp": 1639541338.987017, "timestamps": [1639541339.1389434], "episode_lengths": [200], "episode_rewards": [-1004.2451459317078], "episode_types": ["t"]}