{"initial_reset_timestamp": 1639425172.064491, "timestamps": [1639425172.234631], "episode_lengths": [200], "episode_rewards": [-1293.0413285458255], "episode_types": ["t"]}