{"initial_reset_timestamp": 1638821220.9797478, "timestamps": [1638821221.2227514], "episode_lengths": [200], "episode_rewards": [-230.56418849816785], "episode_types": ["t"]}